{
  "project_info": {
    "project_number": "240512640770",
    "project_id": "cs-ia-c9e5f",
    "storage_bucket": "cs-ia-c9e5f.appspot.com"
  },
  "client": [
    {
      "client_info": {
        "mobilesdk_app_id": "1:240512640770:android:05cdbe6e0f6e7268e8441b",
        "android_client_info": {
          "package_name": "com.example.computerscienceia"
        }
      },
      "oauth_client": [
        {
          "client_id": "240512640770-54thjlsifp4j8e4pe2al36r7hrms9mjm.apps.googleusercontent.com",
          "client_type": 3
        }
      ],
      "api_key": [
        {
          "current_key": "AIzaSyADdGdilQoAFJAju3S4ytCbr-ZuEuhqu0M"
        }
      ],
      "services": {
        "appinvite_service": {
          "other_platform_oauth_client": [
            {
              "client_id": "240512640770-54thjlsifp4j8e4pe2al36r7hrms9mjm.apps.googleusercontent.com",
              "client_type": 3
            }
          ]
        }
      }
    },
    {
      "client_info": {
        "mobilesdk_app_id": "1:240512640770:android:3c36f7ba5f40a934e8441b",
        "android_client_info": {
          "package_name": "com.example.librarysquietroombookingsystem"
        }
      },
      "oauth_client": [
        {
          "client_id": "240512640770-54thjlsifp4j8e4pe2al36r7hrms9mjm.apps.googleusercontent.com",
          "client_type": 3
        }
      ],
      "api_key": [
        {
          "current_key": "AIzaSyADdGdilQoAFJAju3S4ytCbr-ZuEuhqu0M"
        }
      ],
      "services": {
        "appinvite_service": {
          "other_platform_oauth_client": [
            {
              "client_id": "240512640770-54thjlsifp4j8e4pe2al36r7hrms9mjm.apps.googleusercontent.com",
              "client_type": 3
            }
          ]
        }
      }
    }
  ],
  "configuration_version": "1"
}